{
  "id": "2123924",
  "name": "淘宝",
  "font_family": "iconfont",
  "css_prefix_text": "icon-",
  "description": "",
  "glyphs": [
    {
      "icon_id": "9606437",
      "name": "店铺",
      "font_class": "dianpu1",
      "unicode": "e604",
      "unicode_decimal": 58884
    },
    {
      "icon_id": "9666185",
      "name": "客服",
      "font_class": "kefu1",
      "unicode": "e605",
      "unicode_decimal": 58885
    },
    {
      "icon_id": "10202007",
      "name": "购买",
      "font_class": "goumai",
      "unicode": "e8e1",
      "unicode_decimal": 59617
    },
    {
      "icon_id": "13641840",
      "name": "收藏",
      "font_class": "shoucang",
      "unicode": "e607",
      "unicode_decimal": 58887
    },
    {
      "icon_id": "17124214",
      "name": "收藏",
      "font_class": "shoucang1",
      "unicode": "e627",
      "unicode_decimal": 58919
    },
    {
      "icon_id": "3280418",
      "name": "店铺管理",
      "font_class": "dianpu",
      "unicode": "e66f",
      "unicode_decimal": 58991
    },
    {
      "icon_id": "3858855",
      "name": "客服",
      "font_class": "kefu",
      "unicode": "e60e",
      "unicode_decimal": 58894
    },
    {
      "icon_id": "7089635",
      "name": "购买",
      "font_class": "tubiaozhizuomoEban",
      "unicode": "e70c",
      "unicode_decimal": 59148
    },
    {
      "icon_id": "1305",
      "name": "购物车满",
      "font_class": "gouwucheman",
      "unicode": "e600",
      "unicode_decimal": 58880
    },
    {
      "icon_id": "765110",
      "name": "订单",
      "font_class": "dingdan",
      "unicode": "e667",
      "unicode_decimal": 58983
    },
    {
      "icon_id": "1277697",
      "name": "首页",
      "font_class": "shouye",
      "unicode": "e653",
      "unicode_decimal": 58963
    },
    {
      "icon_id": "6170774",
      "name": "更多",
      "font_class": "gengduo",
      "unicode": "e617",
      "unicode_decimal": 58903
    },
    {
      "icon_id": "6744022",
      "name": "律领英我的",
      "font_class": "wode",
      "unicode": "e60b",
      "unicode_decimal": 58891
    },
    {
      "icon_id": "12975025",
      "name": "购物车",
      "font_class": "gouwuche",
      "unicode": "e638",
      "unicode_decimal": 58936
    },
    {
      "icon_id": "14435324",
      "name": "首页",
      "font_class": "shouye1",
      "unicode": "e652",
      "unicode_decimal": 58962
    },
    {
      "icon_id": "14560715",
      "name": "我的",
      "font_class": "wode1",
      "unicode": "e62b",
      "unicode_decimal": 58923
    },
    {
      "icon_id": "17549028",
      "name": "订单",
      "font_class": "dingdan1",
      "unicode": "ee15",
      "unicode_decimal": 60949
    },
    {
      "icon_id": "11125641",
      "name": "更多",
      "font_class": "19",
      "unicode": "e626",
      "unicode_decimal": 58918
    },
    {
      "icon_id": "16376872",
      "name": "首页",
      "font_class": "biaoqianA01_shouye-01",
      "unicode": "ea8a",
      "unicode_decimal": 60042
    },
    {
      "icon_id": "16376886",
      "name": "订单",
      "font_class": "biaoqianA01_dingdan-14",
      "unicode": "ea98",
      "unicode_decimal": 60056
    },
    {
      "icon_id": "16385551",
      "name": "购物车",
      "font_class": "biaoqianA01_gouwuche-54",
      "unicode": "eaac",
      "unicode_decimal": 60076
    },
    {
      "icon_id": "16386373",
      "name": "我的",
      "font_class": "biaoqiankuozhan_wode-135",
      "unicode": "eaff",
      "unicode_decimal": 60159
    }
  ]
}
